{
	"thing" : 
	[
		{
			"euler" : 
			[
				0.13637743890285492,
				-0.11382494866847992,
				0.19340008497238159
			],
			"mass" : 1,
			"name" : "createdCube0",
			"position" : 
			[
				-4.0999999046325684,
				0.0,
				0.0
			],
			"rotation" : 
			[
				0.99103313617819788,
				0.073186905985246214,
				-0.04991661350976255,
				0.10002665387200377
			],
			"scale" : 
			[
				3.0,
				2.5999999046325684,
				1.8999999761581421
			],
			"type" : 0
		}
	]
}